Id,ABOTT_INDIA,ACC,AJANTA_PHARMA,AMBUJA_CEMENT,APPOLO_HOSPITAL_ENTERPRISE,ASHOK_LEYLAND,ASIAN_PAINTS,AUROBINDO_PHARMA,AVENUES_APARTMENT,AXIS_BANK,NCL,NESTLE_INDIA,NIIT,NTPC,RBL_BANK,RCOM,ROYAL_ORCHID_HOTELS,BAJAJ_AUTO,BOSCH,AIRTEL
1,0.0083938756,0.0036997021,0.0010125914,0.0149967398,-0.003934323,0.052748227,-0.0072844024,0.01097139,0.0093783089,-0.0094528268,0.0113602392,0.0254384466,-0.0188383046,0.0012890751,-0.0094002959,0.027835769,0.0009290802,-0.0055726293,0.0077033321,-0.0180445354
2,-0.0079818228,0.0140438247,0.0059344553,0.0141062376,0.0215969989,-0.000443066,0.0122309198,-0.0175773153,0.0377358491,-0.0322807635,-0.0091824645,0.0404696194,0.0010476689,-0.0044914982,0.0202468697,0.0382947977,-0.0277024992,0.011896064,0.0041158672,0.0197050763
3,0.0068434335,-0.018284932,0.0329841255,0.0088948188,-0.0008032129,0,-0.0017094017,0.0200439783,0.0159150348,0.0267316897,-0.0058892815,-0.0163610404,0.0047368421,0.0077594568,-0.0121929825,-0.0114285714,0.0259499537,-0.0033979948,-0.0008530523,0.0513101934
4,0.0016019854,0.0061653494,0.0526341135,0.004691689,-0.003415337,0.0080393033,0.0005235602,0.0123287671,0.0058385731,0.0221545278,0.0619136961,-0.0021564152,-0.0150336962,0.0078201369,0.0033444816,0.0137581463,0.0009276438,0.0224491744,0.00000537,0.019155481
5,0.0361081066,0.0377769459,0.0068363636,0.0682577566,-0.0048327138,0.0163413527,-0.0122733228,-0.001965308,-0.0037074917,0.018426248,0.0072440945,0.0047226996,-0.013803681,0.0165617754,-0.0028084957,-0.0050432277,0.0034129693,-0.0074086706,-0.0201295885,0.0163421913
6,0.0112334044,-0.0027829628,0.0042360502,-0.0150446638,0.0011164868,-0.023059867,-0.0111815641,-0.0131545662,-0.0060991105,-0.0259157509,-0.0215716487,-0.0027771978,0.0092879257,-0.040063593,-0.001227209,0.0168498168,0.0028002489,-0.0045269353,0.0176249044,-0.0127665544
7,-0.0302913062,0.1286245068,-0.0138762184,0.0745137661,-0.0127027453,0.0344036697,0.0230173677,0.006535393,0.0268119251,0.0096153846,0.0959135427,-0.0112858473,0.0625,-0.0056907999,0.0014044944,0.0317460317,0.0190234623,-0.0142426834,0.0397318945,-0.0033557047
8,0.025972515,0.0100201176,0.0229873766,0.019047619,0.0238069647,0.0144253141,0.0263440475,0.0121123615,0.0106477666,0.0118813734,0.0396769663,0.0062408826,0.0044052863,0.0183515776,-0.012482663,0.0200462606,0.0875862069,-0.0535004048,0.0234980999,0.0348719433
9,0.0042060699,0.014084507,0.048676213,0.0062160062,-0.025810167,0.0146364495,-0.0018221444,0.0228450927,-0.0039075327,0.0135596435,-0.0104239055,0.0062213841,0.0072102052,0.0051779935,0.0375966901,0.0156617071,0.0229276896,-0.0872847597,-0.0043306607,0.0014490654
10,0.013322562,-0.0144989174,-0.0166641341,-0.0137931034,-0.0154123711,-0.0424954792,0.0057855397,-0.0129228101,-0.0182779407,0.0059137734,-0.0625407166,-0.0117347551,0.0033388982,-0.003868472,-0.0160191167,-0.0237003058,-0.055,0.002495934,0.0024177373,0.0244952494
11,0.0208011943,0.0041542105,-0.0080888264,0.0005111168,-0.0083827438,-0.1392996109,0.009797518,-0.0147825344,-0.0070102433,-0.0257411021,-0.0115904701,-0.0116221105,-0.0456718003,-0.0016092694,0.0131814921,0,-0.0272373541,0.0031661417,0.0081140144,-0.0159240321
12,-0.0060626188,0.014934195,0.0262967928,0.0267646287,0.0367230141,0.0218687873,0.0142058001,0.0224532588,0.0071571346,0.0285796215,0.0196979645,0.0314478652,-0.0031762837,-0.0022479127,0.0139103555,0.0872817955,-0.0029097963,-0.0020955912,0.0019456425,-0.0114095898
13,-0.0034363535,-0.0501890041,-0.0556096611,-0.0334770479,-0.0325540859,-0.0534437335,-0.007234198,-0.0507546857,-0.0149576042,-0.001527009,-0.0616142945,0.0058862356,-0.030785018,0.0196463654,-0.0359365413,-0.0746153846,-0.0435992579,-0.0102903638,-0.0123235994,-0.0330959363
14,-0.0067424375,-0.009783938,0.0064199951,-0.0242514229,-0.0241632898,-0.0078416729,0.0082888193,-0.0057717678,-0.0070946585,-0.0248487669,-0.0339285714,0.0127708824,-0.0220772704,-0.007797271,-0.0095494401,-0.037037037,0.0003093102,0.0103484961,0.0102074708,-0.0103648425
15,0.0125779928,-0.0084882781,-0.0196973337,-0.0019757965,0.0020553439,0.0048780488,-0.0007730251,-0.0062274664,-0.0049573293,0.0012113306,0.0074962519,-0.014168597,-0.0128776622,0.0071989529,-0.0050099335,-0.0102639296,-0.0170264518,-0.0166278314,-0.0099163151,-0.0002763194
16,-0.002810794,-0.0078745899,-0.0003841906,-0.0080842724,-0.0112025379,-0.0048543689,-0.0081419548,-0.0114216282,-0.0013160368,0.0076049197,0.0054265903,0.0156591842,-0.0044378698,-0.0068248294,-0.001810657,-0.0236220472,-0.0272108844,0.0211391852,-0.0103606447,-0.0148359875
17,-0.0101226887,-0.0031979068,0.0148649966,-0.0111434109,0.00814552,0.0229182582,0.0039956012,-0.0094680254,0.0201706997,0.0169960852,0.0174846626,0.0106516164,0.0579029734,0.0181998676,0.0024200519,0.0211988304,0.0695982284,0.0235590384,-0.0078051713,0.0160420412
18,-0.000803297,0.001783829,0.0164470425,-0.0045816253,-0.0101894445,-0.0105820106,0.0311460538,0.0093132491,-0.0033452275,0.0182790472,0.0685021304,-0.00443274,0.0469688695,0.0056572379,0.0278962331,0.0081061164,-0.0137285491,-0.0017860982,0.0120944568,-0.0008290728
19,-0.0048658418,-0.011159509,0.0061306883,0.0002411963,-0.0322626969,0.0571314423,0.0007186897,0.0023540872,0.0155299599,0.0065570562,0.0488140254,-0.0015655892,0.0356334842,-0.0121630506,-0.0016851441,0.0014760148,0.0126382306,0.0180315173,-0.016897609,-0.0044022562
20,0.0079594182,0.0268362104,-0.025784209,0.0305741984,-0.0310746255,-0.0195848022,0.0234601835,-0.0144011521,0.0023999481,-0.0066109275,0.0104202848,0.0098816232,-0.0401737242,-0.0058823529,-0.0104440934,-0.0065982405,-0.0394537178,-0.0028204956,0.0289572979,-0.0081866558
21,0.0059699599,0.0118566727,0.0010207554,0.001493652,0.0170283019,-0.0131426363,-0.0002709188,-0.0033490152,0.0150776929,0.0044921875,-0.0068989307,0.0097683534,-0.0274551214,-0.0132215414,0.0092116918,0.0217228464,0.0213887167,0.0394932026,0.0016813823,-0.0101296596
22,-0.0112825445,0.0175451951,0.0422513805,0.0027458812,-0.0031972917,0.0153061224,-0.001236954,0.0399701468,-0.0020369275,-0.0011705033,-0.0441806792,-0.0000461,0.0122928915,0.0094401042,0.0253382981,0.0083081571,0.0112852665,0.0091224486,0.0035178283,0.0083072314
23,-0.0092792046,-0.018344168,0.0017762891,-0.0344661364,0.0164404512,0.0155440415,0.0232576537,-0.0059352073,0.0268537885,0.0043103448,-0.0800727934,-0.0037467312,-0.0300673924,-0.0366886171,-0.0037097358,-0.0405797101,-0.0099317194,0.0099603365,-0.0019898506,-0.036351706
24,-0.0094717046,0.0282750672,0.0071045234,0.0300397219,0.0342032424,0.0096579477,-0.0026431023,0.0071398921,0.0336146175,0.0107931478,0.0460025381,0.0023504044,0.0062597809,0.0217878885,0.0175858577,0.0337078652,0.0761523046,0.0341954234,0.0120189456,0.0123555201
25,0.0206111452,-0.0065643844,-0.0127661722,-0.0189965904,-0.0066771406,-0.0386847195,0.0017387868,-0.0201740828,-0.0117168654,-0.0052206462,-0.0331288344,-0.0206419264,0.0047169811,0.0179386823,-0.0030291904,0,-0.0170715693,-0.0170858269,0.002610807,0.004269513
26,-0.0466266078,-0.0366203397,-0.0212366653,-0.0322884751,-0.0030347528,-0.0256313607,-0.0066342153,0.0120194287,-0.0120859293,-0.0125474176,-0.0094196293,-0.0080660773,-0.0280183393,-0.0125603865,-0.0253198533,-0.0729166667,-0.0224646983,-0.0157665273,-0.0282240446,-0.0142049191
27,-0.0197831872,0.034380467,-0.0273334294,0.0258704062,-0.0139009557,0.0053050398,0.0156692317,-0.0005759421,-0.0081715347,-0.0021353004,-0.0027272727,0.0173718949,0.0155199172,0.0032310178,0.0001789709,-0.0170648464,-0.0238095238,0.0036255179,-0.011731635,0.0175321199
28,0.0315912715,0.0160754309,0.005360765,0.01001221,0.0138487888,-0.0333333333,-0.0111575461,-0.0061329626,-0.0092004015,-0.0181073096,-0.0328253224,0.0030696756,0.0041558442,-0.0137029955,0.0088471608,-0.0034013605,-0.0371040724,-0.0110041508,-0.0026756912,-0.0026695141
29,0.0182105934,0.0193406074,-0.0073349633,0.0377597567,0.0007345739,0.0088691796,0.0110012755,0.004765426,0.0032221253,0.022211398,0.0047114252,0.0029517258,0.0104986877,0.0125847047,0.0264084507,-0.0134228188,-0.0098566308,-0.0007765757,0.0014914949,0.0173818577
30,0.0199291439,-0.0039235689,-0.0102960714,-0.0005065856,-0.0260421635,-0.011687363,-0.0139140005,-0.0145737187,0.0025573726,-0.0113647308,-0.0017636684,0.0115215425,-0.032503809,-0.0117984694,-0.0087260035,-0.0261437908,0.0069172932,-0.0140430863,0.0086700984,-0.0108797851
31,0.0349448563,-0.0084422658,-0.0121859768,-0.013,-0.0100571321,0.0032979113,0.0027194262,0.013540128,0.0002019386,0.0046444122,-0.015625,0.0121294081,0.0255208333,0.0038412292,0.0047992617,0.0479452055,0.0039251208,0.0083877308,-0.0065388272,0.0029637613
32,0.0346827297,-0.010966178,-0.0265979287,-0.0167158309,0.0069414729,-0.0172848398,-0.0063053184,-0.00822007,-0.0229851041,-0.0101522843,0.0123022847,-0.0011429759,-0.0361445783,-0.0031908105,-0.0190131281,-0.0363036304,-0.0039097744,-0.0180915952,-0.0042868526,-0.0002693603
33,0.0223221799,-0.0030305355,-0.0076961383,-0.0073206442,0.0211681313,-0.0235583685,-0.003395652,0.0014671122,-0.0114101814,-0.0112689394,-0.0130095403,-0.011549384,-0.0099403579,0.0041653316,-0.0133988388,-0.0194174757,-0.0272088941,0.0097955633,-0.007519978,-0.0166865316
34,0.0071265129,-0.0028306939,0.0447923564,-0.0050983248,0.0600617602,-0.0199862164,-0.0037329393,0.0058206263,-0.0188185762,-0.0070521862,-0.0117142857,-0.0018197289,-0.0194931774,-0.0145247869,0.0019690325,-0.0283018868,-0.0344632768,-0.0056916476,-0.0069016096,0.0037219194
35,0.0263147491,-0.0179564237,0.0200221933,-0.0167104321,-0.0051712662,0.0161064426,0.0026902682,0.0427423491,-0.0158829807,-0.0148216767,-0.0277777778,-0.0074182617,-0.007256894,-0.0121646912,0,-0.0093457944,-0.0095131505,-0.006223567,0.0150752094,0.0001329434
36,-0.0043143831,0.0107453393,0.0203810368,0.0123247946,-0.0044347028,-0.0090215128,-0.0015960139,-0.0161480235,-0.0078480224,0.0054955291,-0.0241257793,-0.0011790176,-0.0295774648,-0.0055831266,0.0185978667,-0.0031055901,-0.0392473118,0.007395348,-0.0013869818,-0.0129904212
37,0.0017587583,-0.0026885792,0.0216778996,0.0048567266,-0.0199330569,0.0137179036,-0.0003502218,0.0324765544,0.0073409462,-0.0061099796,-0.004049676,-0.00632742,0.016221374,-0.0024752475,0.0119937264,0.0287539936,0.0373675404,0.0017175573,-0.0122504562,-0.019807074
38,-0.0079337757,0.0043355899,0.0168260625,0.001459144,-0.0146689638,-0.0199931058,0.0058713011,0.0067313576,0.000470795,0.0068039892,-0.0016172507,0.0012083645,-0.0066350711,0.0003095017,0.0183201804,-0.0094936709,0.0436554133,0.0022953328,-0.0093644141,0.0318513603
39,-0.0030110614,-0.0001521028,0.0535589202,-0.0009718173,0.0439362795,-0.018938113,-0.0079987575,0.0441807394,0.0245023956,-0.0105136955,-0.014084507,0.0100087832,0.0262645914,-0.0046210721,0.0108262108,0.0031746032,-0.0002909514,-0.0047075112,-0.0094826358,-0.0084221608
40,-0.0020085324,-0.0016703363,0.0171544448,0.0085763293,0.0462365591,-0.0073850285,0.0189515331,0.0120092379,0.0233637171,0.0225386647,0.0173019735,0.0034999616,0.0239043825,-0.0003079766,0.0155270518,-0.015625,0.079459799,0.0015427016,-0.0180863477,-0.0010516629
41,0.0129005804,0.0261784184,0.0013720432,0.0101485149,-0.0083173385,0.0163766633,-0.0073052904,0.0091358255,0.0461289545,0.0007550019,0.0246537396,0.0225528057,0.0737967914,0.0077591558,0.0091484185,0.1034482759,0.0156299841,0.0142045954,0.0577499281,0.0454920286
42,-0.0273280206,-0.0198923294,-0.020639613,0.0012391574,-0.0047755492,-0.0027220143,-0.006826338,0.0069464001,-0.0228404198,-0.0116593601,-0.0365625834,-0.0273536247,-0.0265486726,-0.0049413218,0.0127143702,-0.0793650794,-0.0730337079,-0.0112806786,-0.0123554509,-0.0216485142
43,-0.0194855983,-0.0150797232,-0.0111087488,-0.0081120944,0.0153000754,-0.025530504,-0.0090452261,-0.0042994672,-0.0293214915,-0.0020478451,-0.0270059725,-0.0088753062,-0.0409385921,-0.0143074581,0,-0.0425531915,-0.0337142857,-0.005754774,-0.0056846539,-0.0280972295
44,-0.0019065634,-0.0196136263,-0.0223954274,-0.0087719298,-0.0227440244,0.0168577208,-0.0092677696,-0.0387241689,-0.0218460556,-0.0113197129,-0.042039801,0.0249022806,-0.0103754941,-0.0161725067,-0.0184773145,-0.1203208556,-0.0212527964,0.0512690079,-0.0023773373,0.0235420011
45,-0.0093249453,0.0380405664,-0.0226499416,-0.0038834951,-0.0379374968,-0.0046979866,0.010604536,-0.0164369035,0.0009590793,0.0062974625,-0.041716329,0.0126293605,-0.0004938272,0.0099818512,-0.0078702371,0.0685714286,-0.0762076983,-0.0039629402,-0.0108217376,-0.0055865922
46,0.0074390381,-0.0025194686,-0.0308116356,-0.0122272836,-0.0175656847,-0.0036776998,-0.0055805719,-0.0236410699,0.0125926645,-0.010991024,-0.0200887643,0.0019487853,0.0165662651,-0.0030156815,-0.0096948959,0.0971786834,-0.0089605735,-0.011059413,-0.003720539,-0.0062128222
47,-0.008379577,-0.0107997885,-0.0329382646,-0.0192805079,0.0175705099,0.021167634,-0.0154225085,-0.0423070567,0.0111620295,-0.0010064965,-0.0032596042,-0.0155851677,0.0096300051,-0.0092620257,0.009305449,0.0424836601,-0.0594750783,0.0009852217,0.0232025666,0.0108230893
48,0.0143318941,-0.0016211122,0.0525551102,0.0035394054,-0.0055891239,0.0089562522,0.0231458148,0.0186868687,0.020067448,0.0148574612,0.0407075357,-0.006207701,0.0030503305,0.0136281042,0.0129239141,0.0736842105,0.0670606372,0.0113774299,0.0190282627,-0.0065047126
49,-0.0036786511,-0.0046904315,0.0223314894,-0.0018841262,0.0267810981,0.0048459675,-0.0004262905,0.0172974824,0.0664079191,0.0074843297,0.0048697346,0.007465507,-0.001015744,0.0003029385,0.0386556318,0.0070671378,0.0161879896,0.0084590931,0.0014921003,0.0139991924
50,0.0100626355,0.0148514851,-0.0089340102,0.0251086432,0.0008279002,-0.0061919505,0.0093882022,0.017868038,0.0333738087,0.0270971462,0.000243546,0.0023663849,0.0010167768,-0.0078148482,-0.0053207509,-0.0070175439,-0.0254452926,-0.0140860293,-0.0126283193,0.041059417
51,0.0068792805,-0.0107364852,-0.0079065317,-0.0052833814,-0.0049940792,0.0293909348,-0.0061426017,-0.0113744076,-0.016857794,-0.0056373017,-0.0012162491,0.001965464,0.0407407407,0.0081818182,-0.0068793619,-0.0104166667,0.0064020487,-0.0126100489,-0.0074548419,-0.0140922907
52,-0.0149962021,-0.0131236523,0.0061309283,0.0007209805,-0.0140609137,0.051377513,-0.0106923077,0.0254484404,0.025371861,-0.0102137318,-0.0060444874,0.0143673159,-0.0026385224,0.0039549741,0.0045067601,0.0746268657,-0.0190906807,0.0335857936,0.0282532838,0.0047196002
53,-0.0150957372,-0.021748618,-0.0359044502,-0.0170092133,-0.0302731971,-0.0950134771,-0.0053177245,-0.0211901055,-0.048629001,-0.0075089168,-0.0394797956,-0.0215610889,-0.0539191213,-0.0120228434,-0.0193478688,-0.1270358306,-0.0525940029,-0.0207380738,-0.0051451683,-0.004834922
54,-0.0063444398,-0.018105203,-0.0286134573,-0.0246543779,-0.0036782737,-0.0388601036,-0.0020997175,-0.0288929951,-0.0523693275,-0.0126042632,-0.020695929,-0.0006601239,-0.0351637765,-0.0065691251,-0.0076023392,-0.0725075529,-0.0386639213,-0.0147739567,-0.0124725465,-0.0125494476
55,0.0039754968,-0.0074081951,-0.0069271005,0.0267329075,-0.0088469765,0.0114641336,-0.0084039976,-0.0121961337,-0.0006015842,-0.0179302812,-0.0063276836,0.0059714037,-0.0202925908,-0.0126768868,-0.0018484288,0.5687203791,-0.0034199726,0.0038814208,-0.012465698,-0.0234447849
56,0.0224235235,-0.0008145918,0.0114871306,-0.0149149382,-0.012812515,0.010592519,0.0082057937,-0.0007461449,0.0070680893,-0.0001820002,0.0309878844,0.0094423118,0.0453872718,-0.003232442,0.0039066315,-0.1526104418,0.0238095238,-0.0069135017,-0.007748106,-0.0106747496
57,0.0092875716,-0.0251018576,-0.0151159516,-0.0142430508,0.0183248632,-0.0257981296,0.0089337287,-0.0133333333,0.0431134361,-0.0050701675,-0.0153704978,-0.0027158443,-0.0097703957,-0.0093158661,-0.006597458,-0.0777777778,0.0207290922,-0.00243412,0.0059949666,-0.0055045872
58,0.035745595,-0.0155676411,0.005380404,0.0013802622,-0.0180422265,-0.0420142107,0.0068625931,0.0029534826,-0.0208662771,-0.0017172813,-0.0233027112,0.0070319567,-0.0566820276,0.0250671441,-0.0053078556,-0.0145985401,-0.023499302,0.0064797884,-0.0216621733,-0.0108892922
59,0.0146324655,-0.0164482482,-0.0380459457,-0.0138384755,0.0159411105,0.0071561917,0.0616613156,0.0262692599,-0.0018871161,0.0101342098,-0.0008954556,0.0578815884,0.0240679566,-0.0035682426,-0.0018302668,-0.017921147,0.0213878327,-0.0040137209,-0.004183686,-0.0644026683
60,-0.0094930429,-0.0099298292,-0.0313132202,-0.0210970464,-0.0202044326,-0.008636644,-0.0076791112,-0.0247167022,0.0063186244,-0.0017316806,-0.0188886448,-0.0116091069,-0.025298988,-0.0120446533,0.0078640777,-0.073089701,-0.0392694064,-0.0161607376,-0.0124450836,0.0239692002
61,0.0067121066,-0.0057590417,-0.0186024429,-0.0210869565,-0.0232796828,-0.020247809,0.0153450564,-0.0150436752,-0.0104889132,0.0135796767,0.0580990007,-0.0027366608,-0.0073059361,-0.0061313869,-0.0068460129,-0.0066006601,-0.0135135135,-0.0060516988,-0.006171007,0.0046163444
62,-0.0022801017,-0.0041946584,0.0029001818,-0.0214847905,-0.0067191844,0.002423508,-0.006018633,-0.0034657854,-0.000068327,0.0117768016,-0.0216007276,0.003141367,0.0214552239,0.004398827,-0.0086981457,-0.0257234727,-0.0203000883,-0.0086731458,-0.0248419359,0.0069095477
63,-0.004175962,-0.0030058483,-0.0361315087,-0.0080185693,-0.0174384192,0.005789153,0.0156164957,0.0128990122,-0.0174549361,0.0281568326,-0.0139013453,-0.0016203182,-0.0372698698,-0.0032154341,0.0023953243,0.013029316,0.0564102564,0.0091852621,0.0120350733,0.003530005
64,-0.001458662,-0.0055559166,-0.0537702329,-0.0145560408,0.0295317114,0.003362886,-0.0101533361,-0.0108212872,-0.0021436945,-0.0227272727,-0.0212859337,-0.0018585323,0.0027014858,-0.0192087156,0.0035576923,0.0199335548,-0.0117484451,-0.0273898853,-0.004858239,-0.0192878338
65,0.027943022,-0.0141575913,-0.0558723769,-0.0211683289,-0.0136853299,0.0130071229,-0.0124820954,-0.0209519292,-0.0004352484,0.0170980991,-0.0231511254,-0.0112640937,-0.0233069481,0.0231739513,0.0034735623,-0.062305296,-0.0211950395,0.002242644,-0.004062492,-0.0088235294
66,-0.0010257245,-0.0142090306,-0.0073994598,-0.0174,-0.0066593185,-0.0182426269,0.0179977503,-0.0134934872,0.0001674313,0.0104237043,-0.0285297793,-0.0193858404,-0.0108742932,-0.0092996222,-0.0240135606,0.0524590164,-0.0031467746,0.0058514247,0.0028810572,-0.0037846417
67,-0.0043686527,0.0148038964,-0.0005916066,0.0224948875,0.0150102555,0.0151234568,0.0132550973,0.0171360571,0.0063352991,-0.0386899239,-0.01457008,0.0385150428,0.015459364,0.007023705,-0.0097911227,-0.0408805031,-0.00402955,0.0038136747,-0.0093688892,0.001467172
68,0.013471443,0.0086619263,-0.0088323682,0.0072090628,-0.0070357341,-0.0046082949,0.0212096392,0.0031036129,0.0065122274,0.0896774846,-0.0053072056,-0.0004469434,0.0004418913,-0.0081277213,0.0316498316,-0.0535714286,0.0051755176,0.0175669589,-0.0022744928,0.0002445885
69,-0.01699719,-0.0118804292,0.0060467517,-0.0114029729,-0.0064385578,-0.0073193047,-0.0046341987,0.0070524122,-0.0042218319,-0.0077247191,0.0363867146,0.0374256553,-0.0008830022,0.0026193248,-0.0021119324,-0.0508474576,0.0180985109,-0.0047587848,0.0046648857,-0.0260838495
70,-0.0032595836,-0.0002235065,-0.0154281773,-0.0056691638,-0.0200108167,0.0321057602,-0.0066916716,-0.0186394023,0.0027432519,-0.0135576447,0.0023324852,-0.0100472612,-0.0078843627,-0.006362059,0.0181800411,-0.0139275766,-0.0146726862,0.0035124146,-0.0024327049,0.0337355331
71,0.0110915808,-0.0010525644,-0.0070290534,-0.0004047764,-0.0189680329,-0.0031377471,-0.0046665535,-0.008654296,-0.0087619176,-0.0023694343,-0.0059021922,-0.0113340318,-0.0264392324,-0.0037453184,0.0182125796,-0.1047381546,0.0636254502,0.0125085405,-0.0024369624,0.0060696148
72,0.0010671663,0.001309444,0.0151492974,0.0028414857,-0.0015451174,0.0264090177,0.0168233975,0.0368633791,0.0100708691,0.0011861224,-0.0054507338,-0.0262890872,0.0747021082,-0.0040172166,-0.007212726,-0.0171568627,-0.0095124851,0.0001576955,0.0088450106,0.0072364317
73,-0.0040485501,-0.0055264412,-0.0116455696,-0.0036400404,0.0094924016,0.0278053625,-0.0065992458,0.0021874747,-0.0081391047,-0.0148977605,-0.0134436401,0.0013000492,0.0415274463,-0.0180332488,-0.0054048742,-0.0192307692,-0.0209545984,-0.0005253756,-0.002958398,0.0146854032
74,-0.0031461547,0.000699234,-0.0020932583,0.0100081699,0.0433347282,0.0130784708,-0.0037993597,0.0121361214,-0.0041531299,-0.0100250627,0.0089732888,0.0185154277,0.0164968462,-0.0047672462,-0.0009817396,-0.0118764846,-0.0216400911,-0.0026374164,0.0056358925,0.0263773389
75,-0.0181296952,-0.0072257983,0.0065387969,0.0014317856,-0.009167972,0.0003354579,-0.0033187253,-0.016214908,-0.0090607368,-0.0260069477,-0.0014586372,-0.0031998846,-0.0259924386,0.0064916737,-0.0063408448,-0.0023696682,0.0702096538,-0.0001222494,-0.0001776999,0.009179124
76,-0.0234433768,0.0079832066,-0.0046282904,0.0126346313,-0.0091299187,-0.0122597747,-0.0023346634,-0.0064919452,0.0170807453,-0.0177978606,-0.0123482198,0.0310187885,-0.0018867925,0.0198618307,0.0048029798,0,0.1969652758,0.0081695894,-0.0061759677,0.0108695652
77,-0.0076953266,0.0218401638,0.0132629882,0.0174920969,0.0120582121,0.0097022416,0.0129858961,0.0060474117,0.0083736129,0.0005536077,-0.0010279605,0.0060283239,-0.0243902439,0.015492546,0.017351416,-0.0538116592,-0.0103956107,0.0180684018,-0.0030873805,-0.0015881419
78,0.0694070691,0.00848902,-0.0130536973,0.003807912,0.0045015779,0.0314009662,-0.0011596444,0.0159744409,-0.000816271,-0.0116724421,-0.0010269049,0.0075283836,0.0230696798,0.0106351551,0.005111757,0.002247191,0.0066860465,0.0091348154,-0.0276797122,-0.0060510392
79,0.0510223498,-0.0065772337,0.0051611965,-0.0040033713,-0.0256827636,0.0003451847,0.0074859368,-0.0110985094,-0.0019010116,0.0163113994,-0.0155681359,0.0181445903,-0.0051522248,0.0050475059,-0.0097270471,-0.0262582057,-0.0131956397,0.0031755825,0.0133292104,-0.0115719672
80,0.0048409946,-0.002824767,-0.0038379377,0.0095724314,0.0217130186,-0.0030970406,0.0001731152,0.0152985688,-0.0105800558,-0.0119047619,0.0048760666,-0.0035103399,-0.0134011091,0.0002970003,0.0057901567,-0.0172043011,-0.0391400221,-0.004192266,0.0062661904,-0.0025936973
81,-0.0022113533,-0.0016207981,0.0022135133,-0.0075997467,0.0200273314,-0.0064957265,-0.0023746816,-0.0066993464,0.0347548049,0.0542575787,0.010885192,0.0136972421,-0.0274157303,-0.0044352454,0.0100836947,-0.0231092437,0.0088987764,-0.0012452851,-0.0100771311,0.0126066973
82,0.0117748219,-0.0070170921,-0.0114785853,-0.0087884495,-0.012930834,-0.0010245902,0.0124584718,-0.0125050424,0.0122427441,0.0343519073,-0.0265893643,0.0039554784,-0.0133037694,0,0.0044565988,-0.022587269,0.0315547906,-0.004527407,0.0064624101,-0.0120653866
83,0.0026656344,0.001773507,0.000789776,0.0025173065,-0.0066075224,-0.003403676,-0.0012224939,0.0342094285,0.0149610798,-0.0048693233,0.0283717105,-0.0047881654,0.0121184919,0.0023710729,-0.0065405514,0.0428265525,-0.013582343,-0.0097845617,0.0147316085,-0.0217032618
84,0.0119292436,0.014359075,0.0032775077,0.0078224101,0.0146272855,0.0082361016,0.0066807314,0.0149038869,0.0312626579,0.0265224931,0.0460215054,0.0044145093,0.0196796339,0.014126841,0.018446403,0.0447427293,0.0321261682,0.0159777324,-0.0066209013,-0.0013941698
85,-0.0001958149,-0.0142511688,-0.0094541563,-0.0176531672,-0.0244683284,-0.0135409614,-0.0132708821,-0.0045519683,-0.0047641734,-0.0261275581,0.0080208108,-0.0002272537,-0.0201793722,-0.0185840708,0.0095178978,-0.0132450331,0.0085419735,-0.0090982359,0.0295012333,-0.0178015685
86,0.0195930739,0.0089459987,-0.0029169038,0.0002077275,-0.0032821261,-0.0027008778,0.0032632816,0.0004216563,0.005824026,0.0102368527,-0.0164179104,0.0062100589,0.0654562828,-0.0046975925,0.0005175448,0.0044345898,0.031601337,-0.0059994303,0.0302147611,0.018253264
87,0.0111027509,0.0190956107,-0.0001422677,0.031718817,0.0321836917,0.0192704749,0.0253859195,0.0639748766,0.0221929164,-0.021986651,0.0754414125,0.0130392641,0.0496489468,0.0035356511,0.0128957853,0.0367816092,0.0236391913,0.021717778,0.0230941216,-0.0111556781
88,0.0161018134,-0.0106920302,-0.0112185687,0.0058202199,0.0314486775,0.0044936053,-0.0097636404,-0.004732988,-0.0174373403,-0.0036185819,-0.0004584002,0.0146341162,0.0353063344,-0.0076023392,-0.0001048328,-0.0842105263,-0.0374251497,-0.0193707192,0.0243251562,-0.0305018836
89,0.0012041895,-0.0046031798,0.0149919686,0.0038952608,0.0231899891,0.0034686091,0.0115749017,0.0180925539,0.0084375583,0.0073891626,0.0011473153,0.0346334752,0.0694058856,0.0052910053,0.0259195526,0.017130621,-0.0008973975,-0.0126622405,0.0243801545,-0.0241906795
90,-0.0053665602,0.0024545098,0.03064528,0.0180656532,-0.0000497,0.0147835269,0.0100663567,-0.0010898193,0.0454722873,0.0129740519,0.0027611597,0.0020134529,0.0507584597,-0.0002938584,0.007476433,0.0263736264,0.013030303,0.0177076799,-0.0012913925,0.0255381248
91,-0.0096457109,-0.0120279359,0.0124781167,-0.0067833698,-0.0148706159,0.0007044734,0.0002709171,-0.0114911572,-0.028404566,-0.0333783523,-0.0244668911,-0.0061941207,-0.0392376682,-0.0020527859,-0.0029170268,-0.0461215933,-0.0404187264,-0.0184022097,-0.0005024371,-0.0098735701
92,-0.0010379733,-0.0051146782,-0.0250925993,-0.0030541012,-0.0068982269,-0.0382791328,0.0031707207,-0.0101306318,-0.0145008783,-0.013419625,-0.0002244165,-0.0008086597,-0.0192413414,0.0017626322,0.0015148236,-0.0535714286,-0.0163043478,-0.0040475189,-0.0145717676,-0.0080028667
93,-0.0012018679,-0.0010604113,-0.0015952433,-0.0060711188,-0.0134668839,0.0119986287,-0.0024400163,-0.0147097452,-0.008081557,0.0085429065,-0.0055791118,0.0014602636,0.0253664036,0.0246839253,-0.0089008043,0.0885529158,0.0005724098,-0.0069426319,-0.0195950979,0.0461077096
94,0.0004864885,-0.0023722511,-0.006984447,-0.0019476304,-0.0138475353,0.0013731548,0.0036734694,-0.0015735641,0.0040571726,0.0012493993,0.0358298659,0.0230481186,-0.0056053812,-0.0056869201,0.0061501942,0.0043383948,-0.0096371882,0.0069205971,0.0212042825,-0.0016217565
95,-0.0123385159,-0.0037367059,-0.0112839497,-0.018895966,-0.0115388209,-0.0105298913,-0.0203918433,-0.0013095862,-0.018270847,-0.0061132868,-0.0375973304,-0.0037500406,-0.0500532481,0.0102812217,-0.0109913563,-0.0170575693,-0.015625,-0.0200535677,-0.0217082912,-0.0416068867
96,-0.0113824782,-0.0235756385,0.0187851315,-0.0270605247,-0.0240722166,-0.0229007634,-0.0305784056,-0.000174581,0.0083643465,-0.0103979582,-0.0200566819,-0.0031163749,-0.0058231869,-0.0264939653,-0.0160646787,-0.0063559322,-0.0435014678,-0.0125122919,-0.0052537025,-0.0059424768
97,-0.0026993931,-0.0057977305,0.0029096199,-0.0057506675,0.0060544904,0.0056742323,0.0214235439,-0.0095106346,0.0094101019,-0.0123237793,0.0072463768,0.0081779822,0.0564876957,-0.0008823529,0.0087914416,-0.0104821803,0.0173771382,0.0000848,-0.0151429102,-0.004260355
98,-0.0025676459,0.0233842053,-0.0029734924,0.0177675585,-0.0068330904,-0.0013333333,-0.0010546669,-0.0056740028,0.0048962811,0.0089487566,-0.0061108686,-0.0063283334,0.0039303762,0.0035419126,0.0112467866,0.0192307692,0.0284836638,-0.0085066321,-0.008140826,-0.0079830946
99,-0.003279009,0.0079311778,0.0194070679,-0.0056121388,-0.0290592242,0.0312822276,0.0060568549,-0.0006872852,0.0173777474,0.0223420647,0.0292003594,0.010898378,-0.0100055586,-0.0093567251,0.001931745,0.0151843818,0.0379710145,0.0047634331,0.0122733865,0.0122400475
100,-0.00160582,0.0191317385,0.0231467474,0.0231816248,-0.0169145143,-0.0088586031,0.0028375083,-0.0176386193,0.0082429168,0.0274067478,0.0162063456,-0.0039408931,0.0198412698,0.043319097,0.0218225683,0.0154185022,-0.0020248771,0.0074879597,0.0008588048,0.0467719866
101,0.0050020508,-0.0069907437,-0.01957876,-0.0048677249,-0.0120709652,0.0183900069,0.0019100924,0.0059427795,0.0113217789,-0.0284533308,0.0577015934,-0.007942374,-0.01617401,-0.0084694495,0.0009879254,-0.097415507,-0.0281135789,0.0045817448,0.0069457875,0.0018693918
102,-0.0220350363,-0.0187684588,0.0164712977,0.0046778652,0.0136288426,0.0227111427,0.0159303218,-0.0064107971,-0.0070837344,0.0143330733,0.0107369449,0.0008046096,0.0084364454,0.013178057,0.0051859208,-0.001984127,0.0313134242,0.0048789706,0.0119551542,-0.005453644
103,0.0127430721,-0.0122027731,-0.0083352022,-0.0240713841,-0.010853648,0.0107604017,0.004715484,-0.0221873969,-0.020587459,-0.0077399381,-0.0583639706,0.0023479522,-0.0138657793,0.0006133088,-0.035440613,-0.0436432638,-0.0548095369,0.0036380565,-0.013065493,-0.0252506947
104,-0.0138124434,-0.0063587058,-0.0227920228,-0.0211253301,-0.0063765139,-0.0046411996,-0.0014036041,0.008988016,0.0062222559,-0.0130812566,-0.0253079507,-0.0034740451,-0.0275080906,-0.0012251149,-0.0162286672,-0.0504504505,-0.0230254351,-0.0143434961,-0.0132275781,-0.0174501425
105,-0.0015217524,-0.0180883298,-0.0223539494,-0.0268827832,-0.0116318416,-0.004973357,-0.0136655949,-0.0373337606,0.003617394,-0.0046569093,-0.0428724544,-0.0173491029,0.0109051254,0.0015337423,-0.0151577645,-0.0035906643,-0.0281030445,-0.0274049587,-0.0167356511,-0.0130052724
106,0.0029565672,0.0048283922,-0.0014619362,0.0013855899,-0.0172506963,-0.0038924275,0.0006703311,0.0173608281,-0.0254925971,-0.0066087613,0.0216819974,0.011102024,-0.0176754151,-0.0015313936,-0.008789861,-0.0159010601,-0.0208917197,0.0020537962,-0.0007276891,-0.0014040014
107,-0.019681606,-0.0041956329,-0.0005345688,0.0021821067,0.0058115227,0.0261437908,0.0077913889,-0.001464963,-0.0048007681,-0.0146976744,-0.0099739809,0.0004058651,-0.0116463737,-0.0135951662,-0.0033615157,0.008912656,-0.0088383838,-0.0049606935,-0.0189240832,-0.008583691
108,0.0046728169,-0.018427223,-0.0177133655,-0.0390773923,-0.0332646215,0.0062111801,0.0035706215,-0.0013004958,0.0497770886,-0.0267970306,0.0076469303,0.0191320334,0.0150456744,0.0153374233,-0.0076821995,-0.0571428571,-0.0117294734,0.0088620644,-0.0005902088,0.0207198674
109,0.0056146776,0.0100194316,0.042364532,0.0100115518,0.004017531,0.0193668529,0.0039477267,0.0220985295,-0.008037225,0.0293542074,-0.0080190724,0.0043521266,-0.0158646219,0.0012285012,0.0147707457,0.0798548094,0.0040090203,0.0064257028,0.0075642445,-0.0074039253
110,0.0072388112,0.009439745,0.0139109845,0.0110959704,-0.0100433874,0.014739229,-0.0129439692,0.0250361918,0.0494370233,0.0123584906,0.0021720243,0.0055765903,-0.0089098532,0.0143302181,0.0381216058,0.0054744526,0.0398645128,0.0057219791,0.0002035518,0.0225934383
111,0.0193699447,-0.0089301987,-0.003061375,-0.0183451175,0.0273215023,-0.0003777862,-0.0081737817,0.0286440084,0.0029141539,-0.009715994,-0.0083997415,-0.0069796996,0.0280172414,-0.0107858243,-0.0015947268,-0.0214285714,0.0212879191,-0.0123826145,-0.0147212802,-0.0078693216
112,0.001857068,0.0031078611,0.0186736803,-0.0055112125,0.0084908016,-0.0074990626,-0.0010206799,-0.0057481275,0.0419179353,0.0065826594,-0.0074818298,0.0051093006,-0.0101333333,-0.0091603053,-0.0012741559,0.0053859964,0.005888651,-0.0135753283,-0.0102574546,0.0040703939
113,-0.0071020221,0.004898959,-0.013016391,0.020756547,0.0120045491,0.0083175803,0.0037863602,-0.0166994947,0.0172887173,-0.0143664844,-0.0088983051,0.0056506576,0.0223555071,0.004601227,-0.0062255988,-0.0193661972,-0.025560772,0.0032238433,-0.0016933842,0.0084510443
114,0.0232457368,-0.0123680789,-0.033338113,0.0019436346,0.0429186435,-0.0130597015,-0.0185800472,-0.0089118995,-0.005842965,0.0031613203,-0.0229766094,-0.0102370193,-0.0160944206,0.0030769231,-0.0049349013,0,-0.0184331797,-0.0203354872,-0.0054771941,-0.0126355942
115,-0.0168280539,0.0199555857,-0.0078600135,0.0151933702,-0.0575083841,-0.0240349599,0.0061581772,-0.0073300194,-0.0086673431,-0.0110344828,-0.0078044773,0.0006262071,-0.0291666667,-0.0024554942,-0.007089241,0.0161001789,-0.009383718,-0.0119881551,0.0030910869,-0.0206630866
116,-0.017312959,-0.0028602184,-0.0146832072,-0.0023622047,0.0228687587,-0.0018175209,-0.0034629378,-0.013956966,-0.0128547579,-0.0003676809,-0.0018450185,0.0447996584,-0.0209077002,0.0006142506,-0.0075530264,-0.0541455161,-0.0309658393,0.0095633026,-0.0014228507,-0.0135882082
117,-0.0328719285,-0.0153534008,0.0012631579,-0.0120575651,0.0223405637,0.031496063,-0.0041904928,-0.0098708563,0.0098200362,-0.033493248,-0.0016373312,0.0173194143,-0.0135814889,-0.0118361153,-0.0029915412,0.0904059041,-0.0014723926,-0.0103392877,-0.0021054786,0.0239358566
118,0.0605174172,-0.0050018079,0.0068181015,-0.0054158607,0.0294156973,-0.0070737156,0.0122840352,0.0299923748,0.0096166121,0.0095067265,-0.0361017952,0.0254991701,0.0263293753,0.009497549,0.0068550062,0.0037037037,0.0280020182,0.0128403415,0.0007706409,0.0054534677
119,0.023184718,-0.0194409975,0.0107476969,-0.0120389834,-0.0100158842,0.0011181513,0.0067170819,-0.0195215152,0.0074159808,-0.0193491645,-0.0136213271,-0.0045986383,-0.0162519045,-0.0027497709,-0.0056800578,0.0169491525,-0.008752188,-0.0155119909,-0.0034164874,-0.0180442375
120,0.0150700077,0.0641388417,0.0525801481,0.0662184189,-0.0019376431,0.0094055681,0.002676182,-0.0240778273,0.0388314927,0.0175407195,0.0528580209,-0.0032293248,0.0255208333,-0.0069781553,0.0107515658,0.055666004,-0.0017473789,0.0048130558,0.0184526872,-0.0008142375
121,0.0245204893,-0.017180644,0.0292843327,-0.0376470588,-0.0041224454,0.0476941269,0.0091371472,0.0343815514,0.0140895954,-0.0095727708,0.0569510611,0.0002353042,0.0164107994,-0.0030248034,0.0110817942,0.0223577236,0.0481423339,-0.0002867886,-0.0140934559,-0.0202849003
122,-0.021178071,-0.0156644463,-0.0137728435,-0.0162037037,0.0073334511,-0.0200849749,-0.02071671,-0.0283549254,-0.008995301,-0.0035329447,-0.068388138,-0.0169078062,0.000529661,-0.0060132291,-0.0233972377,-0.0574712644,-0.0597785978,-0.0124614513,-0.0198528987,-0.0017064846
123,-0.0298472385,-0.0193288591,-0.057700604,-0.0003856537,-0.0166811468,0.0588957055,-0.003470087,0.0141298959,-0.0162454874,0.0020355784,-0.0291813553,-0.0011203227,-0.0242894057,0.0072683222,0.003101737,0,0.0788216561,-0.0199839635,0.029318714,0.0419630156
124,-0.00340516,-0.0327745882,-0.0125665602,-0.0209552577,-0.053259305,-0.0097205346,-0.0122781899,-0.0125652742,-0.0329118236,-0.0427821078,-0.0577597343,-0.0225981741,-0.0537897311,-0.0230769231,-0.0415221484,-0.0890052356,-0.1052006649,-0.0489514592,-0.0070604178,-0.0370962219
125,-0.0111174458,0.009700536,-0.0280509264,0.0145565984,0.0466167355,-0.0198491465,0.0189204721,-0.0265289913,-0.0044928581,-0.0053926525,-0.0141895579,-0.0212865716,0,-0.0073421439,-0.0004952456,-0.0288135593,-0.0227430958,0.0211752726,0.0071366536,-0.0036392585
126,0.0178165036,-0.0075744435,-0.0002069751,0.0003832152,0.021995425,0.0023875846,0.0019045088,-0.0026142755,-0.005018556,0,0.0274766355,0.0037718089,-0.0312648034,0.0011761247,-0.004142829,-0.0199335548,0.0025593299,-0.0037596228,-0.0078194525,-0.0010224949
127,-0.0009873188,-0.00443242,0.0036352306,-0.0100531108,-0.0030261831,0.0019936204,-0.0221741013,-0.0063759446,0.0031305525,-0.0198216056,-0.0388070428,-0.0130064037,-0.0404545455,-0.0055555556,0.003365004,0.104587156,-0.030234657,-0.0031825347,-0.0155472464,-0.0010214505
128,0.0023151301,0.0056441576,-0.0335920771,0.0017100513,0.0054680954,0.0245098039,0.0041313329,-0.0095891479,0.0215653226,-0.013604888,-0.0181689892,0.0028816334,0.0152284264,-0.0040768783,-0.011059998,-0.0388007055,0.0435601601,0.017831194,0.0099546381,-0.0266239505
129,-0.0043209821,-0.0099722039,-0.0487890264,0.0109489051,0.0200161929,-0.0072992701,-0.001042617,-0.0227792168,0.0118948703,0.0096232933,-0.0083960119,-0.0082305342,-0.0032198712,-0.0117985612,-0.0056447689,-0.015625,0.0564676617,-0.0097133949,-0.0068475979,-0.0138359298
130,0.0039751327,-0.0273697706,0.0036093011,-0.0102661597,-0.0311587571,-0.0064464142,-0.0143444378,0.0024438674,-0.0199717139,-0.0177734691,-0.0258987903,-0.0021273513,0.0050855294,0.0069545059,-0.0424044734,-0.0136986301,0.0151515152,0.012536806,-0.0025234792,-0.0650845386
131,0.000908389,-0.0192171013,-0.0132064172,-0.021577381,-0.0150656709,0.0251961999,-0.0076485085,0.0213728549,-0.008414432,0.0128467392,0.012594893,-0.0087548067,-0.0118775697,0.0011604294,0.0142735608,0.0174216028,-0.0045248869,0.0067846337,-0.0075259975,0.0024504799
132,0.0069425388,0.0035112745,0.0186867876,0.0011173184,0.023592988,-0.0004128819,-0.0139936316,-0.0036527551,0.0294876843,0.0352393054,0.0269312544,-0.0043615611,0.0291490362,0,0.0081959402,-0.025466893,0.0140198827,0.0199653995,0.0019643207,-0.0161727775
133,0.0062403358,-0.0080814128,0.0166144405,-0.0269976445,0.0197123785,0.0028985507,0.0030678714,-0.0038708678,0.0048799789,0.0112215179,0.0105640107,-0.01010205,0.0056737589,-0.0008695652,-0.001332445,0,0.0283093054,0.0039588158,0.0022835131,0.0065722952
134,-0.0054465732,-0.001467192,0.0007186255,-0.0018086453,-0.0087485567,-0.0297308156,-0.0036846292,-0.0195081221,-0.0268258247,-0.0017956392,0.0245826454,0.0015531052,-0.0364464692,-0.0046162724,0.0005713742,-0.0910493827,0.0176046946,0.0032968068,-0.0009909731,-0.0116918157
135,0.0085396702,-0.0047053733,0.0051548084,-0.0005422993,-0.021169311,0.017579722,0.0031923384,0.0260923748,-0.0106247884,0.0465324385,0.0094444444,0.000116013,-0.0178970917,0.0040556199,0.0047842312,0.0368,-0.0013319126,0.0078797468,0.0039467106,0.0069430469
136,0.0083033902,0.0121527303,0.0102829469,-0.0016242555,-0.0250879349,-0.0305192231,-0.009444953,-0.0243179573,-0.0408055544,-0.0034777956,-0.0064397424,0.0013617823,-0.0154185022,0.0017411492,-0.0146143692,-0.0079365079,0.0042803638,-0.0010432144,-0.0051147811,-0.0142828804
137,-0.0146934732,0.0119657646,0.0039295348,0.0274429816,0.015973478,-0.019432569,0.0101290295,-0.0143071161,-0.0010545528,0.0089068826,0.0081617511,-0.0052579881,-0.0008802817,0.001744186,-0.0024454477,0.004784689,-0.0084880637,-0.0037164184,0.0082726269,-0.0104043973
138,0.0099767487,0.0021373453,-0.0062545503,-0.0095500459,-0.0102275633,0.0125934671,0.0006729192,-0.0110378547,-0.0081264835,-0.0044782803,-0.0167791355,-0.0086304012,-0.0104529617,-0.0063547083,-0.0054256314,-0.0427480916,-0.023821854,-0.0084009994,-0.0096750808,-0.0103933949
139,0.0188478019,-0.0058502125,0.0126336249,-0.0137656222,0.002349323,-0.0070339977,0.0097248174,0.0034939043,-0.0043260565,-0.007643765,-0.005622053,0.0039167827,0.0070175439,-0.0048864616,0.0089664936,-0.012066365,0.0018158236,-0.0010451277,0.0057420082,0.0165893157
140,-0.000443392,-0.0006067292,-0.0099203716,-0.0028896514,-0.0005549863,-0.0195402299,-0.0121654501,-0.0008912656,0.0138071066,-0.0046005485,0.019412091,0.003739025,0.0391978122,-0.0124893557,-0.0167053364,0.0122137405,-0.0165816327,-0.0109844336,-0.0012145372,-0.0071568627
141,-0.0081963378,-0.0027777014,-0.0056415163,0.0094804011,-0.0090112958,0.0159595173,0.0074380864,-0.0070064164,0.0024833089,-0.0003537632,0.002409192,-0.0196419926,-0.0381411662,-0.0073260073,-0.0113771906,-0.0339233038,-0.0549662488,-0.0105026944,-0.0057621148,-0.0118194148
142,-0.0065254371,0.0068394528,-0.0048589908,0.0009124088,-0.010051514,0.0082417582,-0.0005491024,0.0102071226,-0.0117079059,0.0039957379,-0.0294964029,0.0142850766,0.0260908682,0.0005638568,0.0098211804,-0.0044052863,0.1998842927,-0.0006712331,0.014138935,-0.0442592593
143,-0.0107314292,0.003333889,0.0267309378,0.0001825151,0.0245440893,0.0031496063,0.0099825093,0.0036640993,0.0331712184,0.006794207,-0.0143591562,-0.003792788,0.0605916031,0.0019774011,0.0422984066,0.0209895052,-0.0190124858,0.0045360509,0.0031578545,0.0335917313
144,-0.0001930733,0.0167509392,0.0119043558,0.0062442608,-0.0106974572,0.0200803213,0.0271229515,0.0032258065,0.0128836681,-0.0018738289,0.0615355664,0.0018840543,-0.030975497,0,0.0043646945,0.0916530278,0.0685263796,0.0047113889,-0.003942545,0.0077153052
145,0.000984723,0.0192617759,-0.0068430502,0.0171866243,-0.0120780038,0.0097323601,-0.0015312596,-0.007963087,0.0246775098,0.0011613364,0.0573020294,-0.0005280201,0.0782652044,-0.0097902098,0.0069342709,-0.0556414219,0.0226356589,-0.0141766465,-0.0012677228,0.0041642456
146,-0.0145022175,0.0008356626,-0.0130395533,0.0003737619,-0.0087299938,0.037442154,-0.0031836023,-0.0194118076,-0.0098252809,-0.0091174648,0.0056022409,0.0010635317,-0.0152184585,0.0133219955,0.0058944887,-0.0861581921,0.0147891756,0.0002277282,-0.0032525051,-0.0224368077
147,0.0006806796,-0.012941578,0.0059870169,-0.0134587021,-0.0020742585,-0.0033542977,-0.0098454098,-0.0045764928,-0.0080932203,0.00435633,-0.0045807608,0.0007903123,-0.007793473,-0.0045146727,-0.0005891016,-0.0226394257,-0.0145736434,-0.0089672605,-0.0158334183,-0.0023611636
148,0.0018913217,0.0071905348,0.0054107064,0.0005534034,-0.0192049477,0.0127388535,0.0116197798,0.0053311911,0.0297133383,0.0274022653,-0.0053486529,0.0160732557,0.038442084,0.0082503556,0.0029542097,0.1698966408,-0.0052436767,0.0065880144,0.0019238006,-0.0031070521
149,0.0139588058,0.0081444043,-0.0038067646,0.0011080332,0.0227632127,-0.0067482075,-0.0033523445,-0.0087592298,0.0011357183,-0.0128933369,0.001190004,-0.0026287744,0.0035532995,-0.0104166667,-0.0150339476,0.0772442589,-0.0103785104,-0.0101935271,-0.000896305,-0.0055243446
150,-0.0044882562,-0.0042561758,0.0086649224,-0.0051442219,0.0189111262,-0.007118928,-0.0010437959,0.0098691425,-0.0049117621,0.0003607829,-0.0057187931,-0.0110251611,-0.0070564516,-0.0008438819,-0.0012593238,0.3473980309,-0.0276046305,-0.0081625978,-0.0089567927,-0.0162122329
151,-0.0169361533,0.0101676205,-0.0043643007,0.0173831776,0.001911721,0.0161702128,0.0115706115,0.0027857195,-0.0020820682,0.001535682,0.0129844187,-0.0050778519,0.0050658561,-0.0114015573,0.002135715,0.307786634,-0.0008896797,0.0109576275,0.0174683233,0.0258930259
152,-0.0020889609,-0.0099798677,-0.0181697392,-0.0037243948,-0.0161337513,-0.0021231423,-0.0005276581,-0.0020484308,0.0006510699,0.0074626866,-0.0203522505,-0.0061456642,0.0367647059,-0.0019428254,0.001360941,-0.0923761825,-0.0008888889,0.0124484485,0.0011914128,0.0098291822
153,-0.0020577056,0.0078553002,0.0278251963,0.0039259675,0.019212746,-0.0008485363,0.0024242959,-0.0053845594,0.0089778401,-0.0099116958,0.0122820919,-0.0043643132,0.0026329647,0.0089610753,-0.0030044582,0.0405327157,-0.0017746229,-0.0047256259,0.0012785053,-0.0087968218
154,0.0296052327,-0.001909446,-0.0007505459,-0.0092609743,-0.0015312633,-0.0004240882,-0.0020673881,0.0037981156,-0.0027514522,0.0037080582,0.0120288693,0.0060037452,0.0111821086,-0.0086063298,-0.0031880978,0.3523884103,0.0116696589,-0.0056477605,-0.0003446749,-0.014541387
155,0,0.0182348436,0.017954506,0.0213772229,0.0026013903,0.0333041192,-0.000043985,0.0185240292,0.0091229617,0.0083903329,0.0175438596,-0.0017304316,0.0129449838,0.0169395822,0.0192004726,0.0794590025,0.0359578425,0.0286608415,-0.001547381,0.0194811366
156,-0.0037696547,-0.0007947488,0.0013910624,0.0007572889,-0.0199364708,0.0101814962,0.0150006697,0.0073441247,0.0118622904,0.0002736727,0.0073982737,0.0062276789,0.0021621622,-0.0008462623,-0.0031409501,-0.002529511,-0.0089093702,0.0068948304,0.0068032028,0.013874169
157,-0.0052534588,0.0051778212,-0.0040523691,-0.0020782165,-0.0073434842,0.0048932384,-0.0045331319,0.0030820116,0.0160859124,0.0120014771,0.0150187735,-0.0014277827,-0.0053763441,0,0.0036449611,-0.005033557,0.0333333333,0.0171035096,-0.0057132224,-0.0039347409
158,-0.0156579969,-0.0110314557,0.0157255937,-0.0007551444,0.0157184998,-0.0131694469,0.0076127357,-0.0052344276,-0.0037018645,0.0124310683,-0.0147965475,-0.004145523,0.0010764263,0.0085348506,0.0003942052,0.0586145648,-0.0119196989,0.000650928,-0.0013510391,0.0078344134
159,0.0152275892,-0.0003217691,-0.027174099,-0.0018843037,-0.0035691791,0.0004391744,-0.0017434063,-0.0126984127,-0.0069042816,-0.0062232956,-0.0077487765,0.0001580098,-0.0122275385,-0.0002844141,-0.0047081903,-0.0318142734,-0.021485574,-0.006090922,-0.0007578153,-0.0133600534
160,-0.0176499707,-0.0148978474,0.0135280447,-0.0124674358,-0.0008810203,-0.0355781449,-0.0085098839,-0.0180513267,-0.010864745,-0.0095676173,0.0117598515,0.0065462596,-0.009478673,-0.0137447405,-0.0078824445,0.0017226529,-0.0358094111,-0.01346555,0.0025610321,-0.016056338
161,-0.0126281926,-0.004846295,-0.000866431,0.0039230338,-0.0003774376,-0.0042176297,-0.0055097633,0.025881303,-0.0055565355,0.0019356623,-0.0128309572,-0.0078456372,0.0021108179,-0.0094470686,0.0004868075,-0.0068434559,0.0029682398,-0.0010574441,0.0150535877,0.0139960011
162,0.0086861425,0.0234796901,0.0903113664,0.0073391043,0.0186688312,0.0141146279,-0.0079149904,0.0009677659,-0.0080923844,0.0155387064,0.0040899796,0.012448557,-0.0036803365,0.0011126565,0.0063688027,0.0474910394,0.0237010027,0.0060860178,-0.0080324846,0.0229862667
163,0.0135924624,0.0089428487,0.0340731479,0.0170334928,0.0171642115,0.0205150589,0.0355477064,0.0276948971,0.0194425864,0.0082106455,0.0260176248,0.0193268498,0.0047543582,0.0256776034,0.0024555545,0.0352504638,0.0252336449,0.0280672972,0.0270036837,0.0607500775
164,-0.0031790023,0,-0.0467818832,0.0042283298,-0.0100658149,0.0035041612,-0.0090643931,-0.0241152755,-0.0060281016,-0.0074004684,-0.0050104384,-0.002488629,0.0063795853,-0.0084865629,-0.0019605921,-0.049382716,0.0059542463,-0.0165303637,-0.0362226362,-0.0133537207
165,-0.0027097334,-0.0040110895,0.0044896738,-0.0034476154,0.0116628226,-0.0193298969,-0.0076148913,-0.0062323787,-0.0179340965,-0.0021499346,-0.0070480929,0.0003444981,0.0156587473,-0.0169632925,-0.0031271377,-0.0173310225,-0.0046787274,-0.0122189409,-0.0070085198,0.0117574257
166,0.0518555114,0.0109123435,-0.0005608944,-0.0096737481,0.0032307356,-0.03,-0.011706716,0.0020817844,0.0299946198,0.0024362819,-0.0475814413,-0.0014668371,-0.0468347916,-0.0074523875,-0.0154897056,-0.0663430421,-0.0177696078,-0.0039531228,0.0048509563,0.0032074496
167,-0.0007500024,0.0063006301,-0.0237286898,0.0038080731,0.0336191336,0.0173802459,-0.0101502941,-0.0319562401,-0.0013432435,-0.0044776119,0.0031689443,0.0070130719,-0.0186868687,0.001381979,0.004154188,-0.019047619,0.0021492171,-0.0299091101,-0.0167880159,-0.0273724464
168,0.0338522241,-0.0078880786,-0.0105829661,-0.0005708849,0.0047608252,-0.0244003309,-0.0073084241,-0.020307432,-0.0050340803,-0.0239460985,-0.0281039461,0.0197756494,-0.0085127692,-0.0052240858,-0.0070030698,0.0120481928,-0.016903109,-0.0011461318,0.0134843729,0.0023199516
169,0.0100124908,-0.0022275022,-0.0027016318,-0.0022783368,-0.0019910403,-0.0049382716,-0.011752639,0.0028993706,-0.0020894461,-0.0232123799,0.0641130684,0.0006936617,-0.003493014,-0.0038345659,-0.0004794324,-0.0348837209,-0.0315697165,0.00695499,0.0575337193,0.0071109305
170,0.0008830679,-0.0059049306,0.0174081947,0.0036204268,-0.0257032008,-0.0173877881,0.0101450527,-0.0169621133,-0.0056142522,0.0045564192,-0.0133387227,-0.0009129316,0.0116102978,-0.0188121473,0.0143954868,-0.0337078652,0.0046989721,0.0061882134,0.0024419637,-0.0119441935
171,0.010386069,-0.0032665313,0.027759991,-0.0099981136,-0.0078299287,0.0443412162,-0.0015947588,0.0065775663,-0.0149364222,0.0272577093,-0.0066251757,-0.0009054473,-0.0231755424,0.0313192905,0.0039058686,-0.0111111111,-0.0282534247,-0.0063010537,-0.0026989415,0.0037275841
172,0.0259815064,-0.0077671037,0.0026436044,0.0005662514,0.0069594327,0.0331588133,-0.0010333692,0.0269473987,0.0037590698,0.001010565,0.0115759545,-0.0150300995,-0.0116959064,0.0022222222,0.0083694368,-0.0073529412,0.1503611293,0.0095804528,-0.0010768344,0.0005039815
173,-0.0251671964,-0.0065558553,-0.0152112467,-0.0031984948,-0.0077793803,0.0119205298,-0.0111551071,-0.0042930738,0.0061128458,0.0077770577,-0.0224339885,0.0001180514,0.0851401375,-0.0093560815,0.0020720276,-0.0285714286,0.0228341169,-0.0152013767,-0.0016402018,-0.0053138159
174,-0.0018914754,0.0110866696,0.000781628,0.0152817574,0.0301188547,-0.0130718954,0.0111938692,-0.0149422047,0.0221153414,-0.0122542295,0.0069972011,-0.0162457902,0.0090715048,-0.0073750341,-0.0090926867,0.0408921933,-0.0223243598,0.0058458221,-0.0119929673,-0.008844281
175,0.0042815792,-0.0009083983,0.0053509954,-0.0122641509,0.0493693013,-0.0017398869,-0.0057786148,0.0038916012,0.0068338161,0.0034871983,0.00019996,0.0036781371,-0.0116033755,0.0160976964,-0.0052518965,0.1161825726,-0.0180528691,0.0154493732,-0.0069502829,0.0213133056
176,0.0066369891,-0.0337778533,0.0507195093,-0.0344325014,0.0100687154,-0.0077686664,-0.0025616941,-0.0014836795,-0.0026630557,0.0054438088,0.0074536664,0.0041812164,0.0090473656,0.0152155537,0.0055745721,-0.0041322314,-0.0067243036,0.0095888918,0.0212034142,-0.0018235235
177,0.0153055984,-0.0119453925,0.0402879463,-0.0018185125,0.0271038573,0.0140043764,-0.0075844244,-0.0075725705,-0.0038667326,-0.0011980463,-0.0127287192,0.0038579038,-0.015715034,0.0042444822,0.008382643,0.0254237288,0.0123176661,0.000763335,-0.0153594415,0.0074505001
178,-0.0178571429,0.0109734714,-0.0117623282,-0.0038043478,0.0241441622,0.0074955908,0.0027191231,0.0250844534,0.0095320231,0.0008301051,0.0369148278,-0.0058471183,0.0079197466,0.0158091406,0.0038610039,0.1625615764,-0.0422229121,-0.0008560711,0.0039676961,0.0052323792
179,-0.0034885942,0.0107772791,0.0015788834,0.0169491525,0.0108072454,-0.0052631579,0.0195798137,-0.0070653725,-0.0212794314,-0.007597254,-0.040751731,0.007347894,-0.0252187339,-0.0169539418,-0.0098029605,-0.1212121212,0.0363577864,-0.0165472692,-0.0232352335,-0.0214837868
180,-0.0163760964,-0.0027936942,0.0250228235,0.0024007387,-0.0110888108,0.0066225166,-0.0177431708,-0.0162875597,-0.0282754155,0.0157121607,-0.0007906701,-0.0085810763,0.0125065138,0,-0.0008814887,-0.049382716,-0.0350822726,0.0170631461,-0.0152111251,0
181,0.1233143009,-0.0000285,-0.0018225499,0.0048246428,-0.0040477737,0.0116123269,-0.0011475201,-0.0378926039,0.001340019,-0.0123048669,-0.0121070103,-0.0071363303,0.0026123302,0.0016982734,0.0019627085,-0.1352313167,0.1969528056,-0.0112829985,-0.0253455603,-0.0074730969
182,0.0061921581,-0.003748722,-0.0028087567,-0.0038817006,0.006083459,-0.0298960139,-0.015728927,-0.0620248353,0.03253738,0.0072142064,0.0039207998,-0.0029449317,-0.0103412616,-0.0059088351,-0.0014698677,-0.0633333333,0.0231939163,0.0150939858,-0.0292920438,-0.0041674936
183,-0.0059884231,-0.0130059424,0.0181252366,-0.0115110543,0.0061715904,-0.0322851153,0.0207523805,0.0033691437,0.0174379002,-0.0081643886,0.0031465093,-0.0044520242,-0.0010330579,0.0093723374,0.0034414946,-0.0384615385,-0.0313075506,0.0030876775,0.0154656042,0.0176714127
184,-0.0077390336,-0.0005322874,-0.0031023351,-0.0094117647,-0.01769032,-0.0225409836,0.025080977,0.0077514414,-0.0001816118,0.0340542592,-0.033086138,0.0172709552,-0.0300601202,-0.0131726457,-0.0133876601,0.0032154341,-0.0148766328,0.0084881056,-0.0004713487,-0.0373286672
185,0.0365084444,-0.0067340067,-0.0393862511,-0.0142729706,-0.006663705,-0.0309769658,-0.01729181,-0.0208254924,-0.021937031,-0.0120888389,-0.0199403653,0.0128531659,-0.0123701138,-0.0047419805,-0.0049232551,-0.0189274448,-0.0417246175,-0.0152847604,-0.0048985941,-0.0345377757
186,0.0108694397,-0.0037701328,0.0011288957,-0.0070859167,-0.0096788385,0.0181965224,-0.0093744674,0.0116766087,-0.0029222936,-0.0119444444,0.0533961523,0.0254840691,-0.0117359413,-0.0159209443,-0.0026956773,-0.0621301775,-0.0082758621,-0.0033352983,-0.0042297152,-0.0158862104
187,0.000531626,0.0026126351,-0.0078403136,0.0096583795,-0.0069899519,-0.0104041617,-0.004327535,-0.0015839828,-0.0151746392,0.0186757216,-0.0188751926,0.0193171577,-0.0053501946,0.0091412742,-0.0065990819,-0.0259365994,0.0243730131,-0.0047552879,-0.0008476069,-0.0032222427
188,-0.0022140477,-0.0101790971,0.0339564894,-0.0113174182,-0.004590259,-0.0118623962,0.0032348685,0.0357658485,-0.0040389125,-0.0068384075,0.0252764613,-0.0057862375,-0.0181470869,0.0019428254,-0.0038109756,0.0205882353,0.0423416789,-0.0006171887,-0.0014621239,0.0087295691
189,0.0289514588,0.0065629154,-0.0096260189,0.0035492458,-0.0009654373,-0.0339954163,-0.0050817312,0.0007881256,0.0115094008,0.0204569353,0.0027722772,0.0123734611,0.0014347202,-0.0019390582,0.0007627765,-0.0087463557,-0.0137981118,-0.0059815951,0.000587572,0.0818848588
190,-0.00877389,-0.0069572391,-0.0101767759,-0.0049443758,0.0070977151,0.0182808246,-0.0021129141,-0.0084011723,-0.0071095215,0.080012389,-0.0305240929,0.0015742571,0.0224938875,-0.0109589041,-0.0018083183,0.0923566879,-0.0129032258,-0.0045041606,-0.0102885503,0.0098417208
191,-0.0115670774,0.0180856127,0.0302422723,0.0141475645,0.0023389533,0.004296875,-0.0032853172,0.0092677797,0.009421917,-0.0004127967,0.1003379806,0.0061473408,-0.0014648438,0.0002740477,0.0006666667,-0.0156739812,0.0116026106,-0.0045142267,-0.0010137002,0.0158730159
192,-0.0013583013,0.0012894907,0.0241273101,0.0110447221,0.0019529343,-0.0247619048,-0.0032745592,0.0146048683,-0.0069951471,0.000206441,0.0145735105,0.0040846067,-0.0087124879,-0.0119144327,-0.0108337259,0.0063091483,0.0032739178,0.0032632895,0.0119865092,-0.0498482029
193,0.0259656729,-0.0111160393,0.0251282726,-0.0193536932,-0.0122492284,0.0210035006,-0.0096457675,0.0197211833,0.0019273731,0.024751428,0.0056034483,-0.0023346032,0.0063321968,0.0070902645,0.0120125846,-0.0364741641,0.0114054452,0.0140405134,-0.0124136148,-0.0096023278
194,-0.0024594839,0.0145685679,-0.0137110727,-0.0023029229,-0.0190642888,0.0011682243,-0.0146661204,-0.0111626656,0.0413739622,0.0461436317,0.0012947777,-0.0124662631,-0.0871498444,0.0093586568,-0.0227336253,-0.0323529412,-0.0278969957,0.0058012038,-0.0035018681,0.0276088907
195,0.0120000962,-0.0014042577,-0.0146607569,0.0017746229,-0.0044270711,0.0003895598,0.0410269533,-0.009260493,-0.0282370672,0.0043342965,0.0140043764,-0.000227737,0.0383194829,0.028304557,0.0161901155,-0.0395480226,0.0651428571,-0.0003109598,0.0044751572,0.0083417085
196,-0.0115876921,0.0076124176,-0.020210456,0.0243592074,0.0040667707,-0.0054242542,-0.0066090493,-0.0043778191,-0.0341239938,-0.0227001195,0.0099447514,0.0014098134,0.0373563218,0.0085640879,0.0110079449,0.0759878419,-0.0034168565,0.0002021647,-0.0169632263,0.0499103092
197,0.0120399326,-0.0101403401,0.0030996063,-0.0127422828,-0.0042378867,-0.0111111111,0.0001694915,-0.0045559591,0.0067675331,-0.0086141919,-0.0017648356,-0.0020414356,-0.0150943396,-0.016011236,-0.0004783773,-0.0208333333,0.0061115355,-0.005151848,-0.0071305218,0.0266493338
198,-0.0161528904,-0.0044063921,-0.0043373092,-0.0090698915,-0.0074312956,0.0179407176,-0.0120562626,-0.0077311145,-0.0477773673,-0.0951870616,0.0044316419,-0.0156883244,-0.0051618958,0.0116510372,0.0013412531,-0.0146627566,-0.0094589482,-0.0097588626,-0.0106331737,-0.0094430733
199,-0.0188896113,0.004454031,-0.0019147519,0.0062634216,-0.0163663111,0.0070699136,0.0206366161,0.0073257656,-0.0106395939,-0.0144036873,-0.0152738381,0.0115363222,0.0284749035,0.0028498148,0.001439125,0,-0.0026415094,0.0130051524,-0.0049691407,0.0285871965
200,0.0169907785,0.0101873337,0.0213417226,0.0070282934,0.0134650328,0.0167731629,-0.00140797,0.0165716203,-0.0024306259,-0.0165265842,-0.0077938948,-0.0080783037,0.0092547491,-0.0028417164,0.0066640912,0,-0.024659551,0.0180427845,0.026190084,0.0495829472
201,0.010234389,0.0144977464,0.0177397023,-0.0003602954,0.0006060606,-0.0011966494,0.0101715369,0.0001342012,-0.0276519478,0.0091489564,0.0036940461,-0.0054330522,-0.0004868549,-0.0036806342,0.0027116018,0.0524691358,0.0191297824,0.0033607051,0.0210225362,0.0788651419
202,-0.0030917415,0.0152729604,0.0011695906,0.0127713921,-0.002696671,0.00723182,-0.0003016071,0.0177559243,0.0450765684,0.0176510523,0.0023959922,0.0121431118,0.0113244707,0.0097198399,0.0121544795,-0.0030769231,0.0504334121,0.0037711831,-0.0036980835,-0.0083044125
203,0.0151129244,-0.0099269904,-0.0173250468,-0.0142086331,-0.0084823898,-0.015037594,-0.0017205041,-0.0040130594,0.0242010288,0.0031131433,-0.0101336783,0.0005351042,-0.0342368046,-0.001427348,-0.0141090066,-0.024024024,-0.0264672037,0.0023445724,-0.0043446386,0.0503840646
204,0.0056691269,0.0027199861,0.0061675518,-0.0048326472,0.0281055974,0.0181305399,0.0026739121,0.0065726414,0.0607334526,0.0174205681,-0.0051480051,-0.0003703196,0.0238558909,0.0051649928,-0.0013510905,-0.0118694362,0.0085106383,0.0021578249,0.0014330322,0.012256194
205,-0.0071352811,-0.0057539055,-0.0107198848,0.0035925992,-0.0089713481,-0.0060072087,0.0003882992,-0.0185458944,0.0104387907,0.0013876499,0.0181262284,-0.0069057575,-0.0242280285,-0.0068395554,0.0041670705,-0.0203488372,-0.0300187617,-0.0057686807,0.0106253196,-0.0075856657
206,0.0022952959,0.0213322364,0.0221307926,0.0149498633,-0.0130725014,0.0187678499,0.0057276751,0.0025599569,0.0018108561,0.0065848548,0.0026275454,0.0116714896,0.0878552972,0.0272248244,0.0055544728,0.0029154519,0.0106181267,0.0049508113,0.0117462219,0.0120450033
207,-0.0116649752,0.0294624762,0.0040440057,0.0206550056,0.029542309,-0.0004078303,-0.0019920319,0.0252089233,0.0054622423,-0.0082129428,0.011517165,-0.0093644207,0.0270700637,0.0178784267,0.0059798059,0,-0.0007578628,-0.0122880353,0.0047114394,0.0021222974
208,0.001866051,0.0040698557,0.0165767837,-0.0005579319,-0.0046553608,0.0024529845,0.0062312083,0.0230339857,-0.0002730375,-0.0062930187,0.0152912076,0.0017092615,-0.0105042017,-0.0032670033,-0.0002940024,0.0029239766,0.0095638868,0.0018806499,0.0128592485,-0.0225593154
209,-0.0080095878,-0.0047758668,-0.0017210185,0.0107142857,0.0455967814,-0.0060950833,0.0272145383,0.0229851825,0.0196269488,-0.0005896226,-0.0060348681,0.0125791824,-0.0374115268,0.0065769806,0.0084000395,-0.109375,-0.0038109756,0.0179045413,-0.0046232322,-0.0077190274
210,0.0254806522,0.0024847732,-0.0073155774,-0.0078328982,0.0125226313,0.0526090676,-0.0108036307,0.0231474634,0.0317885867,-0.0057645335,-0.0095195926,0.0093990217,-0.0114942529,0.0093542547,0.0025760428,-0.0351758794,-0.0068130204,0.0244059194,-0.0131272293,0.0163441423
211,-0.0138597228,0.0361706804,-0.0048389206,0.0246512517,-0.0101060387,0.0423539902,-0.0273471146,-0.0195054746,-0.0308991371,0.012363996,0.0376751666,0.0077180924,0.0373250389,0.0045468324,0.0069839369,0.0446194226,0.0430319779,0.0020807187,-0.0133225437,-0.0076553782
212,-0.005014626,-0.0243835197,-0.0430120985,0.0026825062,-0.0096144364,-0.0140659341,-0.0095546835,-0.0267466478,-0.035010745,-0.0096003135,-0.0305122494,0.003966262,-0.0478775913,-0.0113874738,-0.0145511749,-0.0329949239,-0.0455915599,-0.0028323014,-0.0195101634,-0.0050348567
213,0.0057640348,0.0003677259,0.0071851758,-0.0068506185,0.004258269,0.0075287865,-0.0201044932,0.0084691481,0.0854837926,0.0181528027,0.0112612613,-0.0083083266,0.0294715447,0.004817826,-0.0077073171,-0.0125313283,-0.0264123258,-0.0007240176,0.0160669535,-0.005520606
214,-0.0118893648,-0.0349263619,-0.0189215929,-0.0215974679,-0.0243006909,-0.0122484689,-0.0155536354,-0.0296940819,-0.0076678241,-0.0074250074,-0.0153027279,-0.0050921469,-0.0367107195,-0.0009025271,-0.0074561828,0.0025125628,-0.0295478818,-0.0002632098,-0.0159640054,-0.0143001772
215,-0.0131036583,-0.034354742,-0.0353137676,-0.0271689911,-0.0251495314,-0.0259906263,-0.0119125061,-0.0369754605,-0.0307109802,-0.0140556369,-0.0146416084,0.0033595095,-0.0559149723,-0.011302796,-0.0308746246,-0.0501193317,-0.0028399006,-0.0125726909,-0.0040732159,-0.0110137672
216,0.0076224189,-0.0205034965,0.0439656246,-0.0144591217,-0.0043608741,-0.0163453479,-0.0072250252,0.008044513,-0.0129648427,-0.0136709348,-0.0108084738,-0.0109511283,-0.0212573496,0.0038817557,0.0036733541,0.0580808081,0.0057122456,-0.0032382371,-0.0095738138,0.0082018927
217,0.0158459989,-0.0158835026,0.003415955,-0.0144264602,0.008321513,0.0097333898,-0.0114121543,-0.0034072688,0.0037977029,-0.0028799078,-0.0021570319,-0.0067518323,-0.023409894,-0.0085849615,-0.0067358967,-0.017369727,-0.0476028562,-0.0088265503,-0.0030655759,0.0039270332
218,0.024750347,-0.0042486706,-0.0086313703,0.0074441687,-0.0024055469,-0.0029535865,-0.0022295656,-0.0186848489,-0.0087683056,-0.0051571006,-0.0004312204,-0.0025511954,-0.0008826125,0.0053571429,-0.0055819146,-0.0024752475,0.155145326,-0.0045370311,-0.0021299182,-0.0052923387
219,-0.015752696,0.0017848807,-0.0031698983,-0.0061652281,-0.0045076771,0.0145547945,0.0094040108,0.0055376096,0.0008730013,0.0115930828,-0.0241952451,-0.0060801876,0.0179694519,0.0041841004,0.010054501,-0.0146341463,0.0490317264,0.0356546053,0.0052483259,0.0029066094
220,0.0063753163,-0.0125274546,-0.0144439486,-0.0017583963,0.0020231486,-0.0051107325,-0.0008833568,-0.0101794454,-0.0007804968,-0.0042328042,-0.0254254665,0.0114028073,-0.0202464789,-0.0077105575,0,-0.0487238979,0.0020644096,0.0318918273,-0.008570616,-0.0064038172
221,-0.0017004324,0.0019017088,0.0273435872,-0.0047252363,-0.0079813302,-0.0017006803,-0.0055899381,0.0090867189,-0.0012380778,0.0420008019,0.0284690004,-0.0001034005,0.0641686183,-0.0017761989,-0.0042107233,-0.0114678899,0.0142378559,-0.0008869936,-0.0014812223,-0.0069825436
222,-0.0175765169,-0.0040046541,0.0081522881,-0.0109053142,-0.021287287,-0.0054968288,-0.0023502231,0.0015167502,0.0030355993,0.0065583695,0.0106564365,-0.0160279455,-0.0083604273,-0.0058858152,-0.010096332,-0.0375275938,-0.010360547,-0.0007329379,-0.0053755909,-0.0096320079
223,0.0090544592,0.028669246,0.0090743332,0.0131532796,-0.0021878846,0.0167669819,0.0148360755,0.0231428379,-0.0014237817,0.0047648013,0.0036363636,0.0106736682,-0.0046232085,-0.0029342723,0.0063385533,0.0225733634,-0.0146998775,0.0010579122,0.0017837417,0.0074645434
224,-0.0108734488,0.0020080881,-0.0109876284,0.0126087729,0.0023300439,0.0108648414,0.0284372012,0.0043369248,0.0189058917,-0.0001013685,0.0014995716,0.0137390893,-0.0055172414,0.0167064439,0.001493652,0,0.0713035871,0.0056454519,0.0051604096,-0.0032242063
225,-0.0081623492,0.0005022742,-0.0110733245,0.000533049,-0.0100854778,0.0286097452,0.0025425142,-0.0031748176,-0.0055379747,-0.0065458207,-0.0076530612,0.0079927148,0.0144589552,-0.012374779,0.0042186182,-0.013363029,-0.0553719008,-0.0175660412,-0.0039344025,0.0144672286
226,0.0083976558,-0.0057429808,0.0054626579,-0.007057163,0.010188231,-0.0026749889,-0.0048116808,-0.0066429578,0.0060867122,0.0060790274,-0.0063371356,0.027058722,-0.0368373765,-0.0014710209,-0.0107576741,-0.0044345898,-0.0094146541,0.0137227425,0.0119906057,-0.0136493361
227,-0.0145900581,-0.0004991404,0.0006676403,0.0054993791,-0.0062653228,-0.0088378259,0.0004149722,0.0012092711,-0.011569789,-0.0179104478,-0.0143660212,-0.0104300899,0.007239819,0.0038393385,0.002696671,-0.0022123894,0.0422354949,-0.0081529569,-0.0213327587,-0.0087330873
228,0.0128756896,0.0164036077,0.0036855551,0.0195333695,-0.0076590377,0,0.0070204764,-0.0069384215,0.0592156863,0.0002985966,0.0647306584,0.0239402223,0.0429447853,0.0083382966,0.0070231295,-0.0087719298,0.0209059233,0.0125111554,-0.0073748613,-0.0224840688
229,0.0082711994,-0.0232353265,-0.0059119863,-0.0207226355,0.0156028369,0.0026583961,-0.0148614713,-0.0113448981,-0.0270424953,-0.010440264,-0.02591233,-0.023262272,0.0241662639,-0.0014867678,-0.0041033293,-0.0256410256,0.0087873462,-0.0017987768,0.0119840273,-0.0156231507
230,0.0005637181,0.0085517548,0.0053997488,0.0060584462,0.0083975453,0.0541802896,0.0397209263,0.0452257842,0.0084166987,0.0139818236,-0.0081387877,-0.011125037,0.0906694781,-0.0032602253,-0.015515975,0.0042918455,0.0188003581,0.039238726,0.0065452779,-0.0126212458
231,-0.0190368619,-0.0057969414,0.0012993001,0.0007132668,-0.0084183557,-0.0023299161,0.0128760947,-0.0144051097,-0.0102346837,-0.0080245691,-0.0166385847,0.0112069948,0.0128136679,0.0041666667,0.0128324344,0.0264317181,0.0182315406,0.0223884672,-0.0044532913,-0.0031453868
232,0.0002235978,0.007817499,-0.002966987,0.0192657216,0.0150466725,0.0223916151,0.0012153833,0.0060154488,0.0184718317,0.0020847811,0.0110732538,0.0096618357,0.0268640351,-0.0029673591,0.0118554761,0.0044247788,0.0242763772,0.0053801812,0.0175814525,0.0018674136
233,-0.0030972102,-0.010542832,-0.0299173018,-0.0176754151,-0.0132435157,-0.0089707271,-0.0028998052,-0.0133540163,-0.0138178341,-0.0139011258,-0.0222777431,-0.0136147039,-0.0323607427,-0.027978079,0.0406344855,-0.0279569892,-0.0037209302,-0.0026646712,-0.0031170712,-0.0150592022
234,-0.0091485033,0.0201915246,0.0004055479,0.0178084681,0.0078514687,0.029154519,0.0166321996,0.0120819113,0.051586304,0.0101859177,0.0373650108,0.069230361,0,0.0248300325,0.0016673205,0.0152838428,0.0103383459,0.0018650917,0.0066052362,0.0048515652
235,0.0028210718,-0.0122604089,0.0349632739,-0.0032602789,-0.0083356233,0.001459854,-0.0034203026,0.0486757337,0.0053581358,0.0051689861,0.0052105949,-0.0045060005,0.0145317546,-0.0035346097,-0.0008819206,-0.0065075922,0.0042472865,-0.0094366963,-0.0077126825,0.0024316813
236,-0.0024884589,0.0079966448,0.0351944384,0.0113573915,-0.0053300533,0.023916293,0.0092047617,0.0043856496,0.0344052288,0.0077131123,-0.0094623656,0.000876305,0.0086862106,0.0137354434,0.0159283225,0.0065502183,-0.0098130841,0.0072979383,-0.0026394562,0.0240720977
237,0.0211358752,-0.0010055585,-0.0083160979,-0.0108715347,0.042852392,-0.0195407914,-0.0049319653,-0.0000719,0.0311640697,0.0101183851,-0.0131578947,0.0001586666,0.0365785031,-0.0256037242,-0.010247315,-0.0192719486,-0.0027958993,-0.0108640728,-0.0020984757,0.0063245823
238,-0.0149251986,0.0001676212,-0.0379306056,0.0043676069,-0.0178704741,-0.0130183221,-0.0039038512,-0.0127750177,0.0020530553,0.0070307724,0.0646181654,-0.0041908058,-0.0155124654,-0.0083669937,-0.0320457797,-0.0351239669,-0.0155963303,-0.0160173314,-0.0030868895,-0.0061669829
239,-0.0084089169,0.007345078,-0.0060978122,0.0170275773,-0.0260837953,-0.0151946819,0.0055575159,0.0014214641,0.0042320004,-0.0122785829,0.0004520796,-0.0044045604,-0.0222101842,-0.0200735086,0.0139251523,0.0431034483,-0.0149118843,-0.0017726096,-0.0022142847,0.0121233946
240,-0.0044340777,-0.0184249054,-0.0300911125,0,-0.0507699607,0.0071736011,-0.0077030812,-0.0149817978,0.0143643368,-0.0046082949,-0.0024802706,0.00047214,0.0115068493,0.0396825397,-0.0095776267,-0.0064239829,0.024537037,-0.0104716634,-0.0103712011,0.0243452601
241,0.0032785366,0.0154273372,0.012830372,0.0173225381,-0.0278849379,-0.0023854962,-0.0100519931,-0.0013283926,0.0062022372,0.0159796438,0.0572109654,0.0042598349,0.049453709,-0.0104712042,0.0502967508,-0.031120332,0.0032512773,0.0060527988,0.0067061055,-0.0046505936
242,-0.0023808148,0.0128700494,0.0086548275,0.0087369421,-0.0196094553,0.0214424951,0.0083446197,0.014685017,0.0150075881,0.002653332,0.0726156993,0.0164708222,0.016364699,0.0168589175,0.012940697,0.1614457831,0.0218319886,0.0161018469,-0.0210389966,-0.0147112022
243,-0.013960114,-0.0092605624,0.0083566606,-0.0160717623,0.0050406974,-0.0067763795,-0.0067693643,0.0319180088,0.0103356238,0.0062641199,-0.0242015968,-0.0145500053,0.0041079812,-0.0219843795,-0.000203749,-0.0212264151,0.0062082139,-0.0022541863,-0.0418260453,-0.0038438438
244,-0.0045038402,-0.0202421334,-0.0009870044,-0.0208600183,-0.0070971447,-0.0557586837,-0.0025968405,-0.0016809179,-0.0110636864,-0.0035812954,-0.0321178459,-0.0144511892,-0.0212521539,-0.0040334198,-0.0128720837,-0.0493273543,-0.051200725,-0.0135013501,-0.014518829,-0.0008401344
245,0.0071870929,0.0027376804,-0.0623891417,-0.0063636364,-0.025154969,-0.0236501562,0.0083795225,-0.0583579933,-0.0144462279,-0.0213298618,-0.007430489,0.0066942915,-0.0130385488,0.0125437573,-0.02890625,-0.0262008734,-0.019982238,-0.0277129522,-0.0089485921,-0.0033492823
246,-0.0173362377,-0.0043502203,-0.0311204095,-0.0166279278,-0.0132980822,0.0071910112,-0.0034359777,0.0033142305,-0.0215542919,-0.0132411067,-0.0231795832,-0.0073062073,-0.0360655738,-0.0169199885,-0.0151952299,-0.0398322851,-0.017452007,0.0082352941,-0.0093891519,0.0007182188
247,0.0149862673,0.0021521991,0.001758982,0.0073847262,0.0051164082,0.020174232,-0.0062240664,-0.0014478764,0.0152298219,-0.0048185662,0.0434888835,0.0055473842,-0.0021810251,-0.0163610719,0.0086332331,0.0258064516,-0.0082215491,0.00567213,-0.0092233729,-0.0077206319
248,0.0035224557,0.0011878781,0.0001871608,0.0204006616,-0.0056789052,0.0018373909,0.0090718772,-0.0217845822,0.0128076623,0.0048418972,-0.0007324219,-0.005679203,0.016066482,0.0278341548,-0.003383604,0.0064935065,0.0207597173,0.0137401887,-0.0066592048,-0.0077784325
249,-0.0124796711,0.0227439679,-0.0251778872,0.0238991344,0.0000394,-0.0022914757,0.0023169399,0.0143668331,-0.0097055255,-0.0201394268,-0.0007318858,0.004346886,-0.0404040404,0.00495338,-0.0198047948,-0.0778443114,-0.0173611111,0.0116700273,-0.008178916,0.0200769416
250,0.00692557,0.0197648957,-0.0121832534,0.0178126796,-0.0000394,-0.0171171171,-0.0037888686,-0.0049693669,-0.0089085642,0.0004843553,-0.0219518015,0.0012766148,-0.004235045,0.0406306853,-0.0050909777,-0.0290697674,-0.0195744681,-0.0074211831,0.0159584305,-0.0013206868
